Evaluation ID,Category,Original Prompt Clarity Score,Original Response Adherence Score,Original Response Accuracy Score,Optimized Prompt Clarity Score,Optimized Response Adherence Score,Optimized Response Accuracy Score,Improvement Category,Confidence Score
1750042833438,Instruction Following,8,7,8,9,7,8,MARGINAL_IMPROVEMENT,0.75
1750019201794,Summarization,7,8,8,9,9,9,MARGINAL_IMPROVEMENT,0.75
1750020663290,Comparative Reasoning,7,8,9,8,8,9,MARGINAL_IMPROVEMENT,0.8
1750018366288,Conversational / Chatbot Interaction,6,8,8,8,8,8,MARGINAL_IMPROVEMENT,0.8
1750019084561,Conversational / Chatbot Interaction,8,10,9,9,9,8,MARGINAL_IMPROVEMENT,0.8
1750021535408,Conversational / Chatbot Interaction,6,9,9,8,9,9,MARGINAL_IMPROVEMENT,0.8
1750018736319,Ethical / Moral Reasoning,8,10,9,9,8,8,MARGINAL_IMPROVEMENT,0.8
1750017072462,Summarization,6,10,9,9,10,10,MARGINAL_IMPROVEMENT,0.8
1750017179896,Summarization,8,10,7,9,10,7,NEUTRAL,0.8
1750019283050,Summarization,8,3,4,9,1,2,NEUTRAL,0.8
1750022083379,Summarization,8,4,4,8,4,4,NEUTRAL,0.8
1750024651300,Summarization,7,7,8,8,8,8,MARGINAL_IMPROVEMENT,0.8
1750043683590,Summarization,8,4,7,9,2,7,MARGINAL_IMPROVEMENT,0.8
1750044069445,Roleplay / Simulation,7,7,8,9,8,8,MARGINAL_IMPROVEMENT,0.8
1750045217740,Conversational / Chatbot Interaction,7,8,9,8,8,9,MARGINAL_IMPROVEMENT,0.8
1750017571152,Business / Professional Writing,7,8,8,8,8,8,MARGINAL_IMPROVEMENT,0.85
1750041786912,Business / Professional Writing,8,9,9,9,10,9,SIGNIFICANT_IMPROVEMENT,0.85
1750042574940,Comparative Reasoning,7,8,8,8,9,8,MARGINAL_IMPROVEMENT,0.85
1750018375413,Conversational / Chatbot Interaction,5,6,7,8,8,7,MARGINAL_IMPROVEMENT,0.85
1750021790146,Conversational / Chatbot Interaction,7,8,8,9,8,8,MARGINAL_IMPROVEMENT,0.85
1750024219725,Conversational / Chatbot Interaction,8,8,9,9,9,9,SIGNIFICANT_IMPROVEMENT,0.85
1750024468045,Creative Writing,4,7,8,7,8,8,MARGINAL_IMPROVEMENT,0.85
1750016979948,Data Interpretation,8,7,8,9,8,8,MARGINAL_IMPROVEMENT,0.85
1750041420894,Data Interpretation,8,7,8,9,7,8,MARGINAL_IMPROVEMENT,0.85
1750041486372,Data Interpretation,7,6,8,8,8,9,SIGNIFICANT_IMPROVEMENT,0.85
1750024560933,Ethical / Moral Reasoning,8,9,9,9,9,10,MARGINAL_IMPROVEMENT,0.85
1750021995425,Light Math / Logic,8,9,9,9,10,9,MARGINAL_IMPROVEMENT,0.85
1750018592763,Persuasive Writing,8,9,9,9,10,9,SIGNIFICANT_IMPROVEMENT,0.85
1750022119190,Persuasive Writing,8,9,9,9,8,8,MARGINAL_IMPROVEMENT,0.85
1750023950191,Persuasive Writing,8,9,8,9,9,8,SIGNIFICANT_IMPROVEMENT,0.85
1750041239145,Persuasive Writing,8,8,8,9,9,8,MARGINAL_IMPROVEMENT,0.85
1750041279220,Persuasive Writing,8,8,9,9,8,9,MARGINAL_IMPROVEMENT,0.85
1750018265850,Summarization,7,4,4,8,8,9,MARGINAL_IMPROVEMENT,0.85
1750019056867,Summarization,8,10,9,9,10,9,MARGINAL_IMPROVEMENT,0.85
1750019967016,Summarization,8,8,7,9,8,7,MARGINAL_IMPROVEMENT,0.85
1750020474444,Summarization,8,10,9,9,10,9,MARGINAL_IMPROVEMENT,0.85
1750043229882,Comparative Reasoning,8,10,9,9,10,9,MARGINAL_IMPROVEMENT,0.85
1750043306730,Data Interpretation,7,6,8,9,9,9,SIGNIFICANT_IMPROVEMENT,0.85
1750043576131,Creative Writing,7,7,8,8,8,8,MARGINAL_IMPROVEMENT,0.85
1750043858890,Roleplay / Simulation,7,7,8,8,8,8,MARGINAL_IMPROVEMENT,0.85
1750043879690,Summarization,8,7,8,9,8,8,MARGINAL_IMPROVEMENT,0.85
1750017725533,Business / Professional Writing,8,8,9,9,9,9,SIGNIFICANT_IMPROVEMENT,0.9
1750018062828,Business / Professional Writing,8,7,8,9,8,9,SIGNIFICANT_IMPROVEMENT,0.9
1750019129679,Business / Professional Writing,7,8,8,9,8,8,MARGINAL_IMPROVEMENT,0.9
1750020387850,Business / Professional Writing,8,8,8,9,9,9,SIGNIFICANT_IMPROVEMENT,0.9
1750020419756,Business / Professional Writing,8,9,8,9,10,8,SIGNIFICANT_IMPROVEMENT,0.9
1750020482571,Business / Professional Writing,8,9,9,8,10,10,SIGNIFICANT_IMPROVEMENT,0.9
1750021550183,Business / Professional Writing,8,9,9,9,10,10,SIGNIFICANT_IMPROVEMENT,0.9
1750024598632,Business / Professional Writing,7,8,8,9,8,8,SIGNIFICANT_IMPROVEMENT,0.9
1750024707531,Business / Professional Writing,7,8,9,8,9,9,SIGNIFICANT_IMPROVEMENT,0.9
1750024781484,Business / Professional Writing,7,9,9,8,10,9,SIGNIFICANT_IMPROVEMENT,0.9
1750024805033,Business / Professional Writing,8,9,9,9,9,9,MARGINAL_IMPROVEMENT,0.9
1750025290920,Business / Professional Writing,8,9,9,8,9,9,MARGINAL_IMPROVEMENT,0.9
1750025321338,Business / Professional Writing,8,8,9,9,9,9,SIGNIFICANT_IMPROVEMENT,0.9
1750041198536,Business / Professional Writing,7,9,9,8,10,9,SIGNIFICANT_IMPROVEMENT,0.9
1750041552968,Business / Professional Writing,9,8,9,10,9,9,SIGNIFICANT_IMPROVEMENT,0.9
1750041752954,Business / Professional Writing,8,9,9,9,10,9,SIGNIFICANT_IMPROVEMENT,0.9
1750041884839,Business / Professional Writing,8,9,9,9,10,9,SIGNIFICANT_IMPROVEMENT,0.9
1750042254349,Business / Professional Writing,8,9,8,9,9,8,SIGNIFICANT_IMPROVEMENT,0.9
1750042314908,Business / Professional Writing,8,9,9,9,10,10,SIGNIFICANT_IMPROVEMENT,0.9
1750018231732,Coding / Technical Tasks,5,7,9,9,10,10,SIGNIFICANT_IMPROVEMENT,0.9
1750020195771,Coding / Technical Tasks,8,6,7,9,8,8,SIGNIFICANT_IMPROVEMENT,0.9
1750023562594,Coding / Technical Tasks,6,8,8,9,10,9,SIGNIFICANT_IMPROVEMENT,0.9
1750041221666,Coding / Technical Tasks,8,9,9,9,10,10,SIGNIFICANT_IMPROVEMENT,0.9
1750019004802,Comparative Reasoning,7,8,9,8,9,9,SIGNIFICANT_IMPROVEMENT,0.9
1750019570611,Comparative Reasoning,8,9,9,9,10,9,SIGNIFICANT_IMPROVEMENT,0.9
1750019863962,Comparative Reasoning,8,9,9,9,10,9,SIGNIFICANT_IMPROVEMENT,0.9
1750020539476,Comparative Reasoning,7,7,8,9,9,9,SIGNIFICANT_IMPROVEMENT,0.9
1750020611545,Comparative Reasoning,8,9,8,9,9,8,MARGINAL_IMPROVEMENT,0.9
1750023784822,Comparative Reasoning,8,9,9,9,10,9,SIGNIFICANT_IMPROVEMENT,0.9
1750024026726,Comparative Reasoning,8,9,9,9,9,9,MARGINAL_IMPROVEMENT,0.9
1750042611942,Comparative Reasoning,8,9,8,9,10,9,SIGNIFICANT_IMPROVEMENT,0.9
1750017955685,Conversational / Chatbot Interaction,8,9,8,9,10,9,SIGNIFICANT_IMPROVEMENT,0.9
1750018385765,Conversational / Chatbot Interaction,8,9,9,9,10,10,SIGNIFICANT_IMPROVEMENT,0.9
1750018432323,Conversational / Chatbot Interaction,7,8,8,9,8,8,MARGINAL_IMPROVEMENT,0.9
1750018510971,Conversational / Chatbot Interaction,8,9,9,9,10,9,MARGINAL_IMPROVEMENT,0.9
1750018960511,Conversational / Chatbot Interaction,8,4,9,9,8,9,SIGNIFICANT_IMPROVEMENT,0.9
1750019384273,Conversational / Chatbot Interaction,8,9,9,9,9,9,SIGNIFICANT_IMPROVEMENT,0.9
1750019430869,Conversational / Chatbot Interaction,7,8,9,8,9,9,SIGNIFICANT_IMPROVEMENT,0.9
1750020439642,Conversational / Chatbot Interaction,8,8,8,9,9,9,SIGNIFICANT_IMPROVEMENT,0.9
1750020627662,Conversational / Chatbot Interaction,7,8,8,8,9,9,SIGNIFICANT_IMPROVEMENT,0.9
1750021330723,Conversational / Chatbot Interaction,6,5,8,8,9,9,SIGNIFICANT_IMPROVEMENT,0.9
1750024013335,Conversational / Chatbot Interaction,8,10,9,9,10,9,SIGNIFICANT_IMPROVEMENT,0.9
1750024109668,Conversational / Chatbot Interaction,8,8,8,9,9,8,MARGINAL_IMPROVEMENT,0.9
1750025160099,Conversational / Chatbot Interaction,8,7,8,9,9,8,SIGNIFICANT_IMPROVEMENT,0.9
1750025169592,Conversational / Chatbot Interaction,8,8,8,9,10,8,SIGNIFICANT_IMPROVEMENT,0.9
1750025260999,Conversational / Chatbot Interaction,8,9,9,9,10,10,SIGNIFICANT_IMPROVEMENT,0.9
1750025281824,Conversational / Chatbot Interaction,7,8,9,9,10,10,SIGNIFICANT_IMPROVEMENT,0.9
1750041050198,Conversational / Chatbot Interaction,8,8,9,9,9,9,SIGNIFICANT_IMPROVEMENT,0.9
1750041671696,Conversational / Chatbot Interaction,9,8,8,9,9,9,SIGNIFICANT_IMPROVEMENT,0.9
1750042649993,Conversational / Chatbot Interaction,8,9,8,9,10,8,SIGNIFICANT_IMPROVEMENT,0.9
1750017097133,Creative Problem Solving,8,6,8,9,10,9,SIGNIFICANT_IMPROVEMENT,0.9
1750017590603,Creative Problem Solving,8,9,9,9,10,10,SIGNIFICANT_IMPROVEMENT,0.9
1750018209470,Creative Problem Solving,8,8,9,9,9,9,SIGNIFICANT_IMPROVEMENT,0.9
1750020684495,Creative Problem Solving,7,6,8,9,9,9,SIGNIFICANT_IMPROVEMENT,0.9
1750021125462,Creative Problem Solving,8,9,8,9,10,9,SIGNIFICANT_IMPROVEMENT,0.9
1750021205858,Creative Problem Solving,8,7,8,9,9,9,SIGNIFICANT_IMPROVEMENT,0.9
1750024048489,Creative Problem Solving,8,8,8,9,9,8,SIGNIFICANT_IMPROVEMENT,0.9
1750025199199,Creative Problem Solving,9,6,8,10,9,9,SIGNIFICANT_IMPROVEMENT,0.9
1750025364128,Creative Problem Solving,8,9,9,9,10,10,SIGNIFICANT_IMPROVEMENT,0.9
1750041074708,Creative Problem Solving,8,7,8,9,8,8,SIGNIFICANT_IMPROVEMENT,0.9
1750041508752,Creative Problem Solving,7,7,8,9,8,8,SIGNIFICANT_IMPROVEMENT,0.9
1750042052390,Creative Problem Solving,6,9,9,8,10,10,SIGNIFICANT_IMPROVEMENT,0.9
1750042372707,Creative Problem Solving,8,9,9,9,10,10,SIGNIFICANT_IMPROVEMENT,0.9
1750042804297,Creative Problem Solving,7,9,9,8,10,10,SIGNIFICANT_IMPROVEMENT,0.9
1750017749547,Creative Writing,7,8,8,9,9,9,SIGNIFICANT_IMPROVEMENT,0.9
1750018032291,Creative Writing,6,8,8,9,9,9,SIGNIFICANT_IMPROVEMENT,0.9
1750018399408,Creative Writing,5,6,8,9,10,9,SIGNIFICANT_IMPROVEMENT,0.9
1750018865659,Creative Writing,7,8,8,8,9,9,SIGNIFICANT_IMPROVEMENT,0.9
1750018932817,Creative Writing,7,8,8,8,8,8,MARGINAL_IMPROVEMENT,0.9
1750019029821,Creative Writing,6,8,8,9,8,8,SIGNIFICANT_IMPROVEMENT,0.9
1750019604233,Creative Writing,8,8,8,9,9,9,SIGNIFICANT_IMPROVEMENT,0.9
1750020500899,Creative Writing,5,7,8,9,9,9,SIGNIFICANT_IMPROVEMENT,0.9
1750021379407,Creative Writing,7,9,8,8,9,8,SIGNIFICANT_IMPROVEMENT,0.9
1750021738203,Creative Writing,4,9,8,7,10,9,SIGNIFICANT_IMPROVEMENT,0.9
1750021813079,Creative Writing,6,8,8,9,8,8,SIGNIFICANT_IMPROVEMENT,0.9
1750024933675,Creative Writing,7,8,8,9,9,8,SIGNIFICANT_IMPROVEMENT,0.9
1750025220576,Creative Writing,7,8,8,9,8,8,SIGNIFICANT_IMPROVEMENT,0.9
1750041394682,Creative Writing,6,8,8,9,9,9,SIGNIFICANT_IMPROVEMENT,0.9
1750017047169,Data Interpretation,7,4,8,9,10,9,SIGNIFICANT_IMPROVEMENT,0.9
1750018640192,Data Interpretation,7,6,8,9,9,9,SIGNIFICANT_IMPROVEMENT,0.9
1750018980043,Data Interpretation,8,8,9,9,9,9,SIGNIFICANT_IMPROVEMENT,0.9
1750019182600,Data Interpretation,6,7,8,9,10,9,SIGNIFICANT_IMPROVEMENT,0.9
1750019334080,Data Interpretation,8,7,8,9,9,9,SIGNIFICANT_IMPROVEMENT,0.9
1750019414849,Data Interpretation,7,7,8,9,9,9,SIGNIFICANT_IMPROVEMENT,0.9
1750020011021,Data Interpretation,7,8,8,9,10,9,SIGNIFICANT_IMPROVEMENT,0.9
1750020257927,Data Interpretation,7,7,8,9,10,9,SIGNIFICANT_IMPROVEMENT,0.9
1750020742410,Data Interpretation,8,9,9,9,10,10,SIGNIFICANT_IMPROVEMENT,0.9
1750020923572,Data Interpretation,8,7,8,9,9,9,SIGNIFICANT_IMPROVEMENT,0.9
1750021055835,Data Interpretation,7,8,8,9,10,9,SIGNIFICANT_IMPROVEMENT,0.9
1750021581112,Data Interpretation,7,8,9,9,10,9,SIGNIFICANT_IMPROVEMENT,0.9
1750023807498,Data Interpretation,8,7,8,9,9,9,SIGNIFICANT_IMPROVEMENT,0.9
1750024327494,Data Interpretation,7,8,9,9,10,10,SIGNIFICANT_IMPROVEMENT,0.9
1750024431058,Data Interpretation,6,4,8,9,10,9,SIGNIFICANT_IMPROVEMENT,0.9
1750024839768,Data Interpretation,8,7,8,9,9,9,SIGNIFICANT_IMPROVEMENT,0.9
1750024882053,Data Interpretation,8,7,8,9,9,8,SIGNIFICANT_IMPROVEMENT,0.9
1750025385171,Data Interpretation,8,7,8,9,9,9,SIGNIFICANT_IMPROVEMENT,0.9
1750041321186,Data Interpretation,7,7,8,9,8,8,SIGNIFICANT_IMPROVEMENT,0.9
1750041343650,Data Interpretation,7,8,8,9,9,9,SIGNIFICANT_IMPROVEMENT,0.9
1750041946188,Data Interpretation,7,9,9,9,10,10,SIGNIFICANT_IMPROVEMENT,0.9
1750042011039,Data Interpretation,8,7,8,9,9,9,SIGNIFICANT_IMPROVEMENT,0.9
1750042521477,Data Interpretation,8,9,9,9,10,9,SIGNIFICANT_IMPROVEMENT,0.9
1750017972374,Ethical / Moral Reasoning,6,7,8,9,9,9,SIGNIFICANT_IMPROVEMENT,0.9
1750018708990,Ethical / Moral Reasoning,8,7,8,9,9,9,SIGNIFICANT_IMPROVEMENT,0.9
1750018816802,Ethical / Moral Reasoning,8,8,9,9,9,9,SIGNIFICANT_IMPROVEMENT,0.9
1750018890969,Ethical / Moral Reasoning,8,8,9,9,9,9,SIGNIFICANT_IMPROVEMENT,0.9
1750019894956,Ethical / Moral Reasoning,8,7,9,9,8,9,SIGNIFICANT_IMPROVEMENT,0.9
1750020559559,Ethical / Moral Reasoning,7,8,9,9,8,9,SIGNIFICANT_IMPROVEMENT,0.9
1750021356992,Ethical / Moral Reasoning,8,9,9,9,10,10,SIGNIFICANT_IMPROVEMENT,0.9
1750022094881,Ethical / Moral Reasoning,8,9,9,9,10,10,SIGNIFICANT_IMPROVEMENT,0.9
1750023709519,Ethical / Moral Reasoning,8,9,9,9,10,10,SIGNIFICANT_IMPROVEMENT,0.9
1750024178703,Ethical / Moral Reasoning,8,7,8,9,9,9,SIGNIFICANT_IMPROVEMENT,0.9
1750024282578,Ethical / Moral Reasoning,8,7,8,9,8,8,SIGNIFICANT_IMPROVEMENT,0.9
1750024450601,Ethical / Moral Reasoning,8,9,9,9,10,10,SIGNIFICANT_IMPROVEMENT,0.9
1750025414375,Ethical / Moral Reasoning,9,8,9,10,10,10,SIGNIFICANT_IMPROVEMENT,0.9
1750041262692,Ethical / Moral Reasoning,8,6,9,9,9,10,SIGNIFICANT_IMPROVEMENT,0.9
1750041531667,Ethical / Moral Reasoning,7,8,9,8,9,9,SIGNIFICANT_IMPROVEMENT,0.9
1750041647443,Ethical / Moral Reasoning,8,9,9,9,10,10,SIGNIFICANT_IMPROVEMENT,0.9
1750042781900,Ethical / Moral Reasoning,8,8,9,9,8,9,SIGNIFICANT_IMPROVEMENT,0.9
1750017002401,Instruction Following,7,9,9,9,10,10,SIGNIFICANT_IMPROVEMENT,0.9
1750021031292,Instruction Following,8,7,8,9,8,9,SIGNIFICANT_IMPROVEMENT,0.9
1750018001881,Light Math / Logic,7,8,8,9,8,9,SIGNIFICANT_IMPROVEMENT,0.9
1750018751390,Light Math / Logic,7,8,8,9,10,9,SIGNIFICANT_IMPROVEMENT,0.9
1750019468965,Light Math / Logic,6,8,8,8,10,10,SIGNIFICANT_IMPROVEMENT,0.9
1750021490544,Light Math / Logic,7,8,8,9,9,9,SIGNIFICANT_IMPROVEMENT,0.9
1750022013889,Light Math / Logic,8,9,9,9,10,10,SIGNIFICANT_IMPROVEMENT,0.9
1750024091269,Light Math / Logic,8,9,9,9,10,10,SIGNIFICANT_IMPROVEMENT,0.9
1750024237561,Light Math / Logic,8,8,8,9,9,9,SIGNIFICANT_IMPROVEMENT,0.9
1750024386319,Light Math / Logic,8,9,9,9,9,9,SIGNIFICANT_IMPROVEMENT,0.9
1750025030000,Light Math / Logic,7,6,7,8,8,8,SIGNIFICANT_IMPROVEMENT,0.9
1750025436077,Light Math / Logic,6,8,8,9,10,10,SIGNIFICANT_IMPROVEMENT,0.9
1750041362431,Light Math / Logic,8,10,9,9,10,9,SIGNIFICANT_IMPROVEMENT,0.9
1750042094367,Light Math / Logic,8,10,9,9,10,9,SIGNIFICANT_IMPROVEMENT,0.9
1750042192627,Light Math / Logic,7,6,8,8,8,9,SIGNIFICANT_IMPROVEMENT,0.9
1750017192049,Persuasive Writing,7,8,9,9,9,9,SIGNIFICANT_IMPROVEMENT,0.9
1750017691889,Persuasive Writing,8,9,9,9,10,10,SIGNIFICANT_IMPROVEMENT,0.9
1750017803539,Persuasive Writing,8,9,9,9,10,9,SIGNIFICANT_IMPROVEMENT,0.9
1750017913967,Persuasive Writing,8,9,9,9,9,9,SIGNIFICANT_IMPROVEMENT,0.9
1750018182162,Persuasive Writing,8,8,8,9,9,8,SIGNIFICANT_IMPROVEMENT,0.9
1750018447038,Persuasive Writing,7,9,9,9,10,10,SIGNIFICANT_IMPROVEMENT,0.9
1750018838088,Persuasive Writing,9,8,8,9,9,9,SIGNIFICANT_IMPROVEMENT,0.9
1750019523884,Persuasive Writing,7,7,8,9,9,9,SIGNIFICANT_IMPROVEMENT,0.9
1750019651069,Persuasive Writing,8,9,8,9,10,8,SIGNIFICANT_IMPROVEMENT,0.9
1750020580651,Persuasive Writing,8,7,8,9,9,9,SIGNIFICANT_IMPROVEMENT,0.9
1750020769192,Persuasive Writing,8,9,9,9,9,9,MARGINAL_IMPROVEMENT,0.9
1750021101647,Persuasive Writing,8,8,9,9,9,9,SIGNIFICANT_IMPROVEMENT,0.9
1750021414331,Persuasive Writing,8,9,9,9,10,10,SIGNIFICANT_IMPROVEMENT,0.9
1750021468328,Persuasive Writing,8,9,9,9,10,9,SIGNIFICANT_IMPROVEMENT,0.9
1750023603637,Persuasive Writing,8,9,8,9,10,8,SIGNIFICANT_IMPROVEMENT,0.9
1750024505600,Persuasive Writing,8,9,8,9,9,8,SIGNIFICANT_IMPROVEMENT,0.9
1750024970045,Persuasive Writing,8,9,9,9,9,9,SIGNIFICANT_IMPROVEMENT,0.9
1750025348146,Persuasive Writing,8,9,9,9,10,9,SIGNIFICANT_IMPROVEMENT,0.9
1750041579701,Persuasive Writing,8,9,9,9,10,9,SIGNIFICANT_IMPROVEMENT,0.9
1750017084725,Roleplay / Simulation,8,4,8,9,8,9,SIGNIFICANT_IMPROVEMENT,0.9
1750017558680,Roleplay / Simulation,6,9,8,8,10,9,SIGNIFICANT_IMPROVEMENT,0.9
1750018683687,Roleplay / Simulation,8,7,9,9,9,9,SIGNIFICANT_IMPROVEMENT,0.9
1750020246710,Roleplay / Simulation,7,8,8,9,9,9,SIGNIFICANT_IMPROVEMENT,0.9
1750020328855,Roleplay / Simulation,8,7,9,9,8,10,SIGNIFICANT_IMPROVEMENT,0.9
1750023551250,Roleplay / Simulation,7,7,8,9,8,9,SIGNIFICANT_IMPROVEMENT,0.9
1750024301648,Roleplay / Simulation,8,7,8,9,10,9,SIGNIFICANT_IMPROVEMENT,0.9
1750025151079,Roleplay / Simulation,8,7,8,9,8,9,SIGNIFICANT_IMPROVEMENT,0.9
1750041844552,Roleplay / Simulation,6,8,8,8,10,9,SIGNIFICANT_IMPROVEMENT,0.9
1750042083756,Roleplay / Simulation,8,7,7,9,8,8,SIGNIFICANT_IMPROVEMENT,0.9
1750042397551,Roleplay / Simulation,7,8,7,9,8,8,SIGNIFICANT_IMPROVEMENT,0.9
1750019120010,Summarization,8,9,9,9,10,10,SIGNIFICANT_IMPROVEMENT,0.9
1750020186153,Summarization,8,5,4,8,10,9,SIGNIFICANT_IMPROVEMENT,0.9
1750022036222,Summarization,8,2,8,9,10,8,SIGNIFICANT_IMPROVEMENT,0.9
1750024701340,Summarization,8,4,4,9,9,8,SIGNIFICANT_IMPROVEMENT,0.9
1750025341226,Summarization,8,3,4,9,9,9,SIGNIFICANT_IMPROVEMENT,0.9
1750042896704,Creative Writing,6,8,8,8,8,9,SIGNIFICANT_IMPROVEMENT,0.9
1750042928026,Business / Professional Writing,7,8,9,9,9,9,SIGNIFICANT_IMPROVEMENT,0.9
1750042948844,Ethical / Moral Reasoning,8,8,9,9,9,9,SIGNIFICANT_IMPROVEMENT,0.9
1750043123134,Creative Problem Solving,8,9,9,9,9,9,SIGNIFICANT_IMPROVEMENT,0.9
1750043188021,Comparative Reasoning,8,8,9,9,9,9,SIGNIFICANT_IMPROVEMENT,0.9
1750043253527,Creative Writing,6,8,8,9,9,9,SIGNIFICANT_IMPROVEMENT,0.9
1750043283358,Creative Problem Solving,7,7,8,9,8,9,SIGNIFICANT_IMPROVEMENT,0.9
1750043530042,Conversational / Chatbot Interaction,7,9,9,9,10,10,SIGNIFICANT_IMPROVEMENT,0.9
1750043674927,Summarization,8,7,8,9,4,3,NEUTRAL,0.9
1750043730155,Summarization,7,4,4,8,3,3,NEUTRAL,0.9
1750043820305,Summarization,7,4,4,8,2,2,NEUTRAL,0.9
1750043908728,Summarization,8,4,4,8,4,4,NEUTRAL,0.9
1750044027568,Roleplay / Simulation,4,7,8,9,8,9,SIGNIFICANT_IMPROVEMENT,0.9
1750044078348,Roleplay / Simulation,6,3,5,9,8,8,SIGNIFICANT_IMPROVEMENT,0.9
1750044157995,Roleplay / Simulation,7,4,8,9,9,9,SIGNIFICANT_IMPROVEMENT,0.9
1750044370712,Coding / Technical Tasks,6,7,8,10,10,9,SIGNIFICANT_IMPROVEMENT,0.9
1750044572052,Coding / Technical Tasks,7,5,5,7,9,9,SIGNIFICANT_IMPROVEMENT,0.9
1750044689287,Coding / Technical Tasks,7,8,8,9,8,8,SIGNIFICANT_IMPROVEMENT,0.9
1750044719219,Coding / Technical Tasks,8,10,9,9,10,9,SIGNIFICANT_IMPROVEMENT,0.9
1750044879564,Persuasive Writing,8,9,9,9,10,9,SIGNIFICANT_IMPROVEMENT,0.9
1750044903092,Ethical / Moral Reasoning,7,8,9,9,10,10,SIGNIFICANT_IMPROVEMENT,0.9
1750044920292,Creative Problem Solving,8,7,8,9,9,9,SIGNIFICANT_IMPROVEMENT,0.9
1750044947986,Coding / Technical Tasks,8,4,4,8,7,7,SIGNIFICANT_IMPROVEMENT,0.9
1750045002677,Instruction Following,6,8,9,8,10,10,SIGNIFICANT_IMPROVEMENT,0.9
1750045109486,Creative Writing,5,7,8,8,8,9,SIGNIFICANT_IMPROVEMENT,0.9
1750045129098,Persuasive Writing,7,7,9,9,9,10,SIGNIFICANT_IMPROVEMENT,0.9
1750045152738,Ethical / Moral Reasoning,8,9,9,9,10,10,SIGNIFICANT_IMPROVEMENT,0.9
1750045172405,Comparative Reasoning,7,8,8,9,9,9,SIGNIFICANT_IMPROVEMENT,0.9
1750045287720,Comparative Reasoning,8,7,8,9,9,9,SIGNIFICANT_IMPROVEMENT,0.9
1750043154041,Creative Writing,5,8,8,9,9,9,SIGNIFICANT_IMPROVEMENT,0.92
1750018664224,Business / Professional Writing,6,8,8,9,10,9,SIGNIFICANT_IMPROVEMENT,0.95
1750019068348,Business / Professional Writing,8,9,8,9,10,9,SIGNIFICANT_IMPROVEMENT,0.95
1750020790339,Business / Professional Writing,8,9,9,9,10,9,SIGNIFICANT_IMPROVEMENT,0.95
1750021302190,Business / Professional Writing,8,9,9,9,10,10,SIGNIFICANT_IMPROVEMENT,0.95
1750023826800,Business / Professional Writing,6,8,8,9,10,9,SIGNIFICANT_IMPROVEMENT,0.95
1750024369804,Business / Professional Writing,7,9,9,9,10,9,SIGNIFICANT_IMPROVEMENT,0.95
1750041902380,Business / Professional Writing,5,8,8,9,9,9,SIGNIFICANT_IMPROVEMENT,0.95
1750041987809,Business / Professional Writing,8,9,9,8,10,10,SIGNIFICANT_IMPROVEMENT,0.95
1750015013333,Coding / Technical Tasks,8,9,9,9,10,9,SIGNIFICANT_IMPROVEMENT,0.95
1750018484030,Coding / Technical Tasks,7,9,9,8,10,10,SIGNIFICANT_IMPROVEMENT,0.95
1750019631740,Coding / Technical Tasks,6,8,9,9,9,9,SIGNIFICANT_IMPROVEMENT,0.95
1750020302981,Coding / Technical Tasks,7,8,9,9,9,9,SIGNIFICANT_IMPROVEMENT,0.95
1750023908887,Coding / Technical Tasks,7,9,9,9,10,10,SIGNIFICANT_IMPROVEMENT,0.95
1750024955580,Coding / Technical Tasks,8,9,9,9,10,10,SIGNIFICANT_IMPROVEMENT,0.95
1750041094720,Coding / Technical Tasks,8,9,9,9,10,10,SIGNIFICANT_IMPROVEMENT,0.95
1750042330675,Coding / Technical Tasks,7,8,9,8,9,9,SIGNIFICANT_IMPROVEMENT,0.95
1750018340422,Comparative Reasoning,8,9,9,10,10,10,SIGNIFICANT_IMPROVEMENT,0.95
1750019238809,Comparative Reasoning,7,8,8,9,9,9,SIGNIFICANT_IMPROVEMENT,0.95
1750019259850,Comparative Reasoning,7,6,8,9,9,9,SIGNIFICANT_IMPROVEMENT,0.95
1750019292125,Comparative Reasoning,8,8,9,9,9,10,SIGNIFICANT_IMPROVEMENT,0.95
1750019355629,Comparative Reasoning,8,7,8,9,10,9,SIGNIFICANT_IMPROVEMENT,0.95
1750019935805,Comparative Reasoning,6,8,9,8,9,9,SIGNIFICANT_IMPROVEMENT,0.95
1750020040319,Comparative Reasoning,8,9,9,9,10,10,SIGNIFICANT_IMPROVEMENT,0.95
1750020158996,Comparative Reasoning,7,8,9,9,10,9,SIGNIFICANT_IMPROVEMENT,0.95
1750020971100,Comparative Reasoning,8,8,9,9,10,10,SIGNIFICANT_IMPROVEMENT,0.95
1750023639518,Comparative Reasoning,8,9,9,9,10,10,SIGNIFICANT_IMPROVEMENT,0.95
1750024119152,Comparative Reasoning,7,8,9,9,10,10,SIGNIFICANT_IMPROVEMENT,0.95
1750024350091,Comparative Reasoning,7,8,8,9,9,9,SIGNIFICANT_IMPROVEMENT,0.95
1750024659337,Comparative Reasoning,8,9,9,9,10,9,SIGNIFICANT_IMPROVEMENT,0.95
1750025300853,Comparative Reasoning,8,7,9,9,10,10,SIGNIFICANT_IMPROVEMENT,0.95
1750041176703,Comparative Reasoning,8,7,9,9,10,10,SIGNIFICANT_IMPROVEMENT,0.95
1750041689921,Comparative Reasoning,8,10,9,9,10,9,SIGNIFICANT_IMPROVEMENT,0.95
1750042271141,Comparative Reasoning,8,9,9,9,9,9,SIGNIFICANT_IMPROVEMENT,0.95
1750042427277,Comparative Reasoning,8,8,9,9,9,10,SIGNIFICANT_IMPROVEMENT,0.95
1750017937766,Conversational / Chatbot Interaction,8,9,9,9,10,10,SIGNIFICANT_IMPROVEMENT,0.95
1750018462421,Conversational / Chatbot Interaction,8,9,9,9,10,9,SIGNIFICANT_IMPROVEMENT,0.95
1750019673072,Conversational / Chatbot Interaction,7,6,8,8,8,9,SIGNIFICANT_IMPROVEMENT,0.95
1750020464451,Conversational / Chatbot Interaction,8,8,9,9,10,10,SIGNIFICANT_IMPROVEMENT,0.95
1750023695213,Conversational / Chatbot Interaction,8,9,9,9,10,9,SIGNIFICANT_IMPROVEMENT,0.95
1750023731640,Conversational / Chatbot Interaction,8,9,9,9,10,9,SIGNIFICANT_IMPROVEMENT,0.95
1750024680903,Conversational / Chatbot Interaction,8,9,9,9,10,10,SIGNIFICANT_IMPROVEMENT,0.95
1750024898757,Conversational / Chatbot Interaction,8,8,9,9,9,9,SIGNIFICANT_IMPROVEMENT,0.95
1750042033609,Conversational / Chatbot Interaction,6,9,8,9,10,9,SIGNIFICANT_IMPROVEMENT,0.95
1750018547285,Creative Problem Solving,8,9,9,9,10,10,SIGNIFICANT_IMPROVEMENT,0.95
1750018570910,Creative Problem Solving,8,8,9,9,9,9,SIGNIFICANT_IMPROVEMENT,0.95
1750020068420,Creative Problem Solving,7,8,8,9,9,9,SIGNIFICANT_IMPROVEMENT,0.95
1750020368571,Creative Problem Solving,8,7,8,9,8,9,SIGNIFICANT_IMPROVEMENT,0.95
1750020992998,Creative Problem Solving,8,6,8,9,9,9,SIGNIFICANT_IMPROVEMENT,0.95
1750024153744,Creative Problem Solving,6,7,8,9,9,9,SIGNIFICANT_IMPROVEMENT,0.95
1750024196589,Creative Problem Solving,8,9,9,9,10,10,SIGNIFICANT_IMPROVEMENT,0.95
1750024485799,Creative Problem Solving,8,9,9,9,10,9,SIGNIFICANT_IMPROVEMENT,0.95
1750024986363,Creative Problem Solving,8,7,8,9,9,9,SIGNIFICANT_IMPROVEMENT,0.95
1750025182327,Creative Problem Solving,8,9,9,9,10,10,SIGNIFICANT_IMPROVEMENT,0.95
1750017131382,Creative Writing,8,10,9,9,10,9,SIGNIFICANT_IMPROVEMENT,0.95
1750018275650,Creative Writing,6,9,9,8,10,10,SIGNIFICANT_IMPROVEMENT,0.95
1750018304408,Creative Writing,7,8,8,9,10,9,SIGNIFICANT_IMPROVEMENT,0.95
1750019496499,Creative Writing,4,8,8,8,9,9,SIGNIFICANT_IMPROVEMENT,0.95
1750020838197,Creative Writing,7,8,8,9,9,9,SIGNIFICANT_IMPROVEMENT,0.95
1750021261668,Creative Writing,6,7,8,9,9,8,SIGNIFICANT_IMPROVEMENT,0.95
1750022134054,Creative Writing,7,8,8,9,9,9,SIGNIFICANT_IMPROVEMENT,0.95
1750023855204,Creative Writing,7,8,8,9,9,9,SIGNIFICANT_IMPROVEMENT,0.95
1750024757304,Creative Writing,6,8,8,9,9,9,SIGNIFICANT_IMPROVEMENT,0.95
1750041859224,Creative Writing,5,7,8,9,8,9,SIGNIFICANT_IMPROVEMENT,0.95
1750042152002,Creative Writing,6,8,8,9,9,9,SIGNIFICANT_IMPROVEMENT,0.95
1750042491795,Creative Writing,6,9,9,8,10,10,SIGNIFICANT_IMPROVEMENT,0.95
1750018527002,Data Interpretation,7,9,9,9,10,10,SIGNIFICANT_IMPROVEMENT,0.95
1750021631121,Data Interpretation,9,8,9,10,10,10,SIGNIFICANT_IMPROVEMENT,0.95
1750021688293,Data Interpretation,8,7,8,9,10,9,SIGNIFICANT_IMPROVEMENT,0.95
1750023585976,Data Interpretation,8,9,9,10,10,10,SIGNIFICANT_IMPROVEMENT,0.95
1750042549109,Data Interpretation,7,4,8,9,9,9,SIGNIFICANT_IMPROVEMENT,0.95
1750042585671,Data Interpretation,8,7,8,9,10,9,SIGNIFICANT_IMPROVEMENT,0.95
1750042682908,Data Interpretation,8,9,9,10,10,10,SIGNIFICANT_IMPROVEMENT,0.95
1750018616575,Ethical / Moral Reasoning,6,8,9,9,10,10,SIGNIFICANT_IMPROVEMENT,0.95
1750020136648,Ethical / Moral Reasoning,8,8,9,9,9,9,SIGNIFICANT_IMPROVEMENT,0.95
1750020278728,Ethical / Moral Reasoning,8,9,9,9,10,10,SIGNIFICANT_IMPROVEMENT,0.95
1750020950615,Ethical / Moral Reasoning,6,8,9,9,9,9,SIGNIFICANT_IMPROVEMENT,0.95
1750024912981,Ethical / Moral Reasoning,7,9,9,9,10,10,SIGNIFICANT_IMPROVEMENT,0.95
1750041968365,Ethical / Moral Reasoning,8,9,9,9,10,10,SIGNIFICANT_IMPROVEMENT,0.95
1750042406027,Ethical / Moral Reasoning,7,8,9,9,9,10,SIGNIFICANT_IMPROVEMENT,0.95
1750017149404,Instruction Following,8,9,9,9,10,10,SIGNIFICANT_IMPROVEMENT,0.95
1750018137354,Instruction Following,5,8,8,9,9,9,SIGNIFICANT_IMPROVEMENT,0.95
1750019153540,Instruction Following,7,8,9,9,10,10,SIGNIFICANT_IMPROVEMENT,0.95
1750020340682,Instruction Following,8,7,8,9,9,9,SIGNIFICANT_IMPROVEMENT,0.95
1750020715706,Instruction Following,7,9,9,9,10,9,SIGNIFICANT_IMPROVEMENT,0.95
1750020898447,Instruction Following,7,8,8,9,9,9,SIGNIFICANT_IMPROVEMENT,0.95
1750021076755,Instruction Following,7,9,9,9,10,10,SIGNIFICANT_IMPROVEMENT,0.95
1750021149441,Instruction Following,7,5,8,9,9,9,SIGNIFICANT_IMPROVEMENT,0.95
1750021438220,Instruction Following,6,7,8,8,9,9,SIGNIFICANT_IMPROVEMENT,0.95
1750021660762,Instruction Following,7,8,9,9,10,9,SIGNIFICANT_IMPROVEMENT,0.95
1750023926417,Instruction Following,7,9,9,9,10,10,SIGNIFICANT_IMPROVEMENT,0.95
1750024067541,Instruction Following,8,8,9,9,10,10,SIGNIFICANT_IMPROVEMENT,0.95
1750024406218,Instruction Following,8,9,9,10,10,10,SIGNIFICANT_IMPROVEMENT,0.95
1750024724954,Instruction Following,6,8,8,9,10,9,SIGNIFICANT_IMPROVEMENT,0.95
1750024739539,Instruction Following,7,8,8,9,9,9,SIGNIFICANT_IMPROVEMENT,0.95
1750025452038,Instruction Following,8,9,9,9,10,9,SIGNIFICANT_IMPROVEMENT,0.95
1750041115220,Instruction Following,7,8,9,8,10,10,SIGNIFICANT_IMPROVEMENT,0.95
1750041146958,Instruction Following,8,9,9,10,10,10,SIGNIFICANT_IMPROVEMENT,0.95
1750042217480,Instruction Following,8,8,9,9,10,10,SIGNIFICANT_IMPROVEMENT,0.95
1750042750009,Instruction Following,6,7,8,9,9,9,SIGNIFICANT_IMPROVEMENT,0.95
1750017641759,Light Math / Logic,5,4,7,9,10,9,SIGNIFICANT_IMPROVEMENT,0.95
1750019918834,Light Math / Logic,7,9,9,9,10,10,SIGNIFICANT_IMPROVEMENT,0.95
1750021175311,Light Math / Logic,7,4,6,9,8,9,SIGNIFICANT_IMPROVEMENT,0.95
1750024311360,Light Math / Logic,7,9,9,9,10,10,SIGNIFICANT_IMPROVEMENT,0.95
1750024825927,Light Math / Logic,8,9,9,9,9,9,SIGNIFICANT_IMPROVEMENT,0.95
1750024860104,Light Math / Logic,8,6,7,9,10,9,SIGNIFICANT_IMPROVEMENT,0.95
1750025010311,Light Math / Logic,6,4,5,9,10,10,SIGNIFICANT_IMPROVEMENT,0.95
1750025469558,Light Math / Logic,6,7,8,9,9,9,SIGNIFICANT_IMPROVEMENT,0.95
1750042129973,Light Math / Logic,6,5,8,9,10,9,SIGNIFICANT_IMPROVEMENT,0.95
1750042236346,Light Math / Logic,7,7,8,9,10,9,SIGNIFICANT_IMPROVEMENT,0.95
1750042630798,Light Math / Logic,7,9,9,8,10,10,SIGNIFICANT_IMPROVEMENT,0.95
1750018086948,Persuasive Writing,4,3,7,9,10,9,SIGNIFICANT_IMPROVEMENT,0.95
1750018113770,Persuasive Writing,7,8,9,9,9,9,SIGNIFICANT_IMPROVEMENT,0.95
1750019311168,Persuasive Writing,8,9,9,9,10,10,SIGNIFICANT_IMPROVEMENT,0.95
1750020815221,Persuasive Writing,8,10,9,9,10,9,SIGNIFICANT_IMPROVEMENT,0.95
1750021229052,Persuasive Writing,8,9,9,9,10,10,SIGNIFICANT_IMPROVEMENT,0.95
1750023984957,Persuasive Writing,8,9,9,9,10,10,SIGNIFICANT_IMPROVEMENT,0.95
1750024137255,Persuasive Writing,5,4,8,9,10,9,SIGNIFICANT_IMPROVEMENT,0.95
1750025402812,Persuasive Writing,6,7,7,9,10,9,SIGNIFICANT_IMPROVEMENT,0.95
1750017676636,Roleplay / Simulation,8,9,9,9,10,10,SIGNIFICANT_IMPROVEMENT,0.95
1750019210643,Roleplay / Simulation,7,9,9,9,10,10,SIGNIFICANT_IMPROVEMENT,0.95
1750019559771,Roleplay / Simulation,7,9,9,9,10,10,SIGNIFICANT_IMPROVEMENT,0.95
1750020030077,Roleplay / Simulation,4,7,8,8,8,8,SIGNIFICANT_IMPROVEMENT,0.95
1750020126279,Roleplay / Simulation,7,8,9,10,10,10,SIGNIFICANT_IMPROVEMENT,0.95
1750021619558,Roleplay / Simulation,7,8,9,9,9,9,SIGNIFICANT_IMPROVEMENT,0.95
1750021799232,Roleplay / Simulation,7,8,9,9,10,10,SIGNIFICANT_IMPROVEMENT,0.95
1750023894568,Roleplay / Simulation,7,7,8,9,8,9,SIGNIFICANT_IMPROVEMENT,0.95
1750041060448,Roleplay / Simulation,4,3,5,9,10,9,SIGNIFICANT_IMPROVEMENT,0.95
1750042178986,Roleplay / Simulation,8,4,3,9,9,9,SIGNIFICANT_IMPROVEMENT,0.95
1750042360956,Roleplay / Simulation,8,7,8,9,9,9,SIGNIFICANT_IMPROVEMENT,0.95
1750017715280,Summarization,8,2,1,9,10,10,SIGNIFICANT_IMPROVEMENT,0.95
1750019549619,Summarization,8,7,8,9,10,9,SIGNIFICANT_IMPROVEMENT,0.95
1750021021783,Summarization,8,4,2,9,10,9,SIGNIFICANT_IMPROVEMENT,0.95
1750024259645,Summarization,7,4,7,8,7,8,SIGNIFICANT_IMPROVEMENT,0.95
1750042864629,Creative Problem Solving,7,8,8,9,9,9,SIGNIFICANT_IMPROVEMENT,0.95
1750043212307,Light Math / Logic,7,8,8,8,9,9,SIGNIFICANT_IMPROVEMENT,0.95
1750043333365,Business / Professional Writing,8,9,9,9,10,10,SIGNIFICANT_IMPROVEMENT,0.95
1750043353953,Instruction Following,6,9,9,9,10,10,SIGNIFICANT_IMPROVEMENT,0.95
1750043477624,Creative Writing,8,9,8,9,10,9,SIGNIFICANT_IMPROVEMENT,0.95
1750043551607,Persuasive Writing,8,9,9,9,10,9,SIGNIFICANT_IMPROVEMENT,0.95
1750043830679,Roleplay / Simulation,7,8,8,9,8,9,SIGNIFICANT_IMPROVEMENT,0.95
1750043890779,Coding / Technical Tasks,6,10,10,9,10,10,SIGNIFICANT_IMPROVEMENT,0.95
1750043978570,Coding / Technical Tasks,9,9,9,10,10,10,SIGNIFICANT_IMPROVEMENT,0.95
1750044006500,Coding / Technical Tasks,8,9,9,9,10,10,SIGNIFICANT_IMPROVEMENT,0.95
1750044039822,Coding / Technical Tasks,5,7,8,8,9,9,SIGNIFICANT_IMPROVEMENT,0.95
1750044142831,Coding / Technical Tasks,5,8,9,7,9,9,SIGNIFICANT_IMPROVEMENT,0.95
1750044322605,Coding / Technical Tasks,7,8,9,8,9,10,SIGNIFICANT_IMPROVEMENT,0.95
1750044352289,Coding / Technical Tasks,8,10,10,9,10,10,SIGNIFICANT_IMPROVEMENT,0.95
1750044538880,Coding / Technical Tasks,8,9,9,9,10,10,SIGNIFICANT_IMPROVEMENT,0.95
1750044580157,Coding / Technical Tasks,6,8,9,9,10,10,SIGNIFICANT_IMPROVEMENT,0.95
1750044641461,Coding / Technical Tasks,7,9,9,8,10,10,SIGNIFICANT_IMPROVEMENT,0.95
1750044982238,Instruction Following,8,8,9,9,9,9,SIGNIFICANT_IMPROVEMENT,0.95
1750045032918,Coding / Technical Tasks,7,8,9,9,9,9,SIGNIFICANT_IMPROVEMENT,0.95
1750045052973,Comparative Reasoning,8,9,9,9,10,10,SIGNIFICANT_IMPROVEMENT,0.95
1750045197898,Light Math / Logic,5,6,7,9,9,8,SIGNIFICANT_IMPROVEMENT,0.95
1750021968246,Coding / Technical Tasks,8,9,9,9,10,10,SIGNIFICANT_IMPROVEMENT,1
1750041733103,Coding / Technical Tasks,8,10,10,9,10,10,SIGNIFICANT_IMPROVEMENT,1
1750042290962,Ethical / Moral Reasoning,8,7,9,9,9,9,SIGNIFICANT_IMPROVEMENT,1
1750017884243,Instruction Following,4,9,9,9,10,10,SIGNIFICANT_IMPROVEMENT,1
1750024538595,Light Math / Logic,8,10,10,9,10,10,SIGNIFICANT_IMPROVEMENT,1
1750024267553,Roleplay / Simulation,7,8,9,9,9,9,SIGNIFICANT_IMPROVEMENT,1
1750024003878,Summarization,8,10,10,8,10,10,NEUTRAL,1